Hari_ke;Tanggal;Jumlah_Kasus_Kumulatif;Jumlah_Pasien_Sembuh;Jumlah_Pasien_Meninggal;Jumlah_Pasien_Dalam_Perawatan;Jumlah_Kasus_Baru_per_Hari;Jumlah_Kasus_Sembuh_per_Hari;Jumlah_Kasus_Meninggal_per_Hari;Jumlah_Kasus_Dirawat_per_Hari;Persentase_Pasien_Sembuh;Persentase_Pasien_Meninggal;Persentase_Pasien_dalam_Perawat;Jumlah_Spesimen_Diperiksa;Jumlah_Kasus_Diperiksa;Jumlah_Negatif;Spesimen_Diperiksa_Baru_Harian;Kasus_Diperiksa_Baru_Harian;PDP;ODP;Penambahan_Kasus_Terkonfirmasi_;Kasus_Sedang_Investigasi_Lapang;Jumlah_Spesimen_Diperiksa_Terki;Jumlah_Kasus_Diperiksa_Terkini;Spesimen_Diperiksa_Baru_Harian_;Hasil_Positif_Terkini;Hasil_Negatif_Terkini;PDP_Terkini;ODP_Terkini;Suspek_Terkini;Jumlah_Provinsi_Terdampak;Jumlah_KabKot_Terdampak;Pembaruan_Terakhir;FID
1;2020/03/02 00:00:00+00;2;0;0;2;2;0;0;2;0;0;100;;339;335;;;;;5533;73429;5805224;3907273;58245;549508;3357765;13439;33504;71074;34;507;2020/12/02 08:50:20+00;1
2;2020/03/03 00:00:00+00;2;0;0;2;0;0;0;0;0;0;100;;341;337;;2;;;;;;;;;;;;;;;1970/01/01 00:00:00+00;2
3;2020/03/04 00:00:00+00;2;0;0;2;0;0;0;0;0;0;100;;372;356;;31;;;;;;;;;;;;;;;1970/01/01 00:00:00+00;3
4;2020/03/05 00:00:00+00;2;0;0;2;0;0;0;0;0;0;100;;388;371;;16;;;;;;;;;;;;;;;1970/01/01 00:00:00+00;4
5;2020/03/06 00:00:00+00;4;0;0;4;2;0;0;2;0;0;100;;450;422;;62;;;;;;;;;;;;;;;1970/01/01 00:00:00+00;5
6;2020/03/07 00:00:00+00;4;0;0;4;0;0;0;0;0;0;100;;454;422;;4;;;;;;;;;;;;;;;1970/01/01 00:00:00+00;6
7;2020/03/08 00:00:00+00;6;0;0;6;2;0;0;2;0;0;100;;483;445;;29;;;;;;;;;;;;;;;1970/01/01 00:00:00+00;7
8;2020/03/09 00:00:00+00;19;0;0;19;13;0;0;13;0;0;100;;543;487;;60;;;;;;;;;;;;;;;1970/01/01 00:00:00+00;8
9;2020/03/10 00:00:00+00;27;2;0;25;8;2;0;6;7.407.407.407;0;9.259.259.259;;694;648;;151;;;;;;;;;;;;;;;1970/01/01 00:00:00+00;9
10;2020/03/11 00:00:00+00;34;2;1;31;7;0;1;6;5.882.352.941;2.941.176.471;9.117.647.059;;793;744;;99;;;;;;;;;;;;;;;1970/01/01 00:00:00+00;10
11;2020/03/12 00:00:00+00;34;2;1;31;0;0;0;0;5.882.352.941;2.941.176.471;9.117.647.059;;862;811;;69;;;;;;;;;;;;;;;1970/01/01 00:00:00+00;11
12;2020/03/13 00:00:00+00;69;2;4;63;35;0;3;32;2.898.550.725;5.797.101.449;9.130.434.783;;1005;917;;143;;;;;;;;;;;;;;;1970/01/01 00:00:00+00;12
13;2020/03/14 00:00:00+00;96;8;5;83;27;6;1;20;8.333.333.333;5.208.333.333;8.645.833.333;;1205;1109;;200;;;;;;;;;;;;;;;1970/01/01 00:00:00+00;13
14;2020/03/15 00:00:00+00;117;8;5;104;21;0;0;21;6.837.606.838;4.273.504.274;8.888.888.889;;1293;1167;;88;;;;;;;;;;;;;;;1970/01/01 00:00:00+00;14
15;2020/03/16 00:00:00+00;134;8;5;121;17;0;0;17;5.970.149.254;3.731.343.284;9.029.850.746;;1230;1083;;;;;;;;;;;;;;;;;1970/01/01 00:00:00+00;15
16;2020/03/17 00:00:00+00;172;9;5;158;38;1;0;37;523.255.814;2.906.976.744;9.186.046.512;;1372;1178;;120;;;;;;;;;;;;;;;1970/01/01 00:00:00+00;16
17;2020/03/18 00:00:00+00;227;11;19;197;55;2;14;39;4.845.814.978;8.370.044.053;8.678.414.097;;1592;1342;;197;;;;;;;;;;;;;;;1970/01/01 00:00:00+00;17
18;2020/03/19 00:00:00+00;309;15;25;269;82;4;6;72;4.854.368.932;8.090.614.887;8.705.501.618;;1898;1570;;287;;;;;;;;;;;;;;;1970/01/01 00:00:00+00;18
19;2020/03/20 00:00:00+00;369;17;32;320;60;2;7;51;460.704.607;8.672.086.721;8.672.086.721;;2028;1643;;112;;;;;;;;;;;;;;;1970/01/01 00:00:00+00;19
20;2020/03/21 00:00:00+00;450;20;38;392;81;3;6;72;4.444.444.444;8.444.444.444;8.711.111.111;;2365;1895;;317;;;;;;;;;;;;;;;1970/01/01 00:00:00+00;20
21;2020/03/22 00:00:00+00;514;29;48;437;64;9;10;45;5.642.023.346;9.338.521.401;8.501.945.525;;2438;1904;;53;;;;;;;;;;;;;;;1970/01/01 00:00:00+00;21
22;2020/03/23 00:00:00+00;579;30;49;500;65;1;1;63;518.134.715;8.462.867.012;8.635.578.584;;2756;2177;;318;;;;;;;;;;;;;;;1970/01/01 00:00:00+00;22
23;2020/03/24 00:00:00+00;686;30;55;601;106;0;6;101;4.373.177.843;8.017.492.711;8.760.932.945;;3332;2625;;554;;;;;;;;;;;;;;;1970/01/01 00:00:00+00;23
24;2020/03/25 00:00:00+00;790;31;58;701;105;1;3;100;3.924.050.633;7.341.772.152;8.873.417.722;;3822;3032;;490;;;;;;;;;;;;;;;1970/01/01 00:00:00+00;24
25;2020/03/26 00:00:00+00;893;35;78;780;103;4;20;79;39.193.729;8.734.602.464;8.734.602.464;;4336;3443;;514;;;;;;;;;;;;;;;1970/01/01 00:00:00+00;25
26;2020/03/27 00:00:00+00;1046;46;87;913;153;11;9;133;4.397.705.545;8.317.399.618;8.728.489.484;;5775;4729;;1439;;;;;;;;;;;;;;;1970/01/01 00:00:00+00;26
27;2020/03/28 00:00:00+00;1155;59;102;994;109;13;15;81;5.108.225.108;8.831.168.831;8.606.060.606;;6266;5111;;491;;;;;;;;;;;;;;;1970/01/01 00:00:00+00;27
28;2020/03/29 00:00:00+00;1285;64;114;1107;130;5;12;113;4.980.544.747;8.871.595.331;8.614.785.992;;6534;5249;;268;;;;;;;;;;;;;;;1970/01/01 00:00:00+00;28
29;2020/03/30 00:00:00+00;1414;75;122;1217;129;11;8;110;5.304.101.839;8.628.005.658;860.678.925;;6663;5249;;129;;;;;;;;;;;;;;;1970/01/01 00:00:00+00;29
30;2020/03/31 00:00:00+00;1528;81;136;1311;114;6;14;94;530.104.712;890.052.356;8.579.842.932;;6777;5249;;114;;;;;;;;;;;;;;;1970/01/01 00:00:00+00;30
31;2020/04/01 00:00:00+00;1677;103;157;1417;149;22;21;106;6.141.920.095;9.361.955.874;8.449.612.403;;7193;5516;;416;;;;;;;;;;;;;;;1970/01/01 00:00:00+00;31
32;2020/04/02 00:00:00+00;1790;112;170;1508;113;9;13;91;625.698.324;9.497.206.704;8.424.581.006;;7425;5635;;232;;;;;;;;;;;;;;;1970/01/01 00:00:00+00;32
33;2020/04/03 00:00:00+00;1986;134;181;1671;196;22;11;163;6.747.230.614;9.113.796.576;8.413.897.281;;7986;5715;;561;;;;;;;;;;;;;;;1970/01/01 00:00:00+00;33
34;2020/04/04 00:00:00+00;2092;150;191;1751;106;16;10;80;7.170.172.084;913.001.912;836.998.088;;9712;7620;;1726;;;;;;;;;;;;;;;1970/01/01 00:00:00+00;34
35;2020/04/05 00:00:00+00;2273;164;198;1911;181;14;7;160;7.215.134.184;8.710.954.685;8.407.391.113;;11242;8969;;153;;;;;;;;;;;;;;;1970/01/01 00:00:00+00;35
36;2020/04/06 00:00:00+00;2491;192;209;2090;218;28;11;179;7.707.747.892;8.390.204.737;8.390.204.737;;13186;10695;;1944;;;;;;;;;;;;;;;1970/01/01 00:00:00+00;36
37;2020/04/07 00:00:00+00;2738;204;221;2313;247;12;12;223;7.450.693.937;8.071.585.099;8.447.772.096;;14353;11615;;1167;;;;;;;;;;;;;;;1970/01/01 00:00:00+00;37
38;2020/04/08 00:00:00+00;2956;222;240;2494;218;18;19;181;751.014.885;8.119.079.838;8.437.077.131;;16511;13555;;2158;;;;;;;;;;;;;;;1970/01/01 00:00:00+00;38
39;2020/04/09 00:00:00+00;3293;252;280;2761;337;30;40;267;7.652.596.417;8.502.884.907;8.384.451.868;;17679;14386;;1168;;;;;;;;;;;;;;;1970/01/01 00:00:00+00;39
40;2020/04/10 00:00:00+00;3512;282;306;2924;219;30;26;163;8.029.612.756;8.712.984.055;8.325.740.319;;19452;15940;;1773;;;;;;;;;;;;;;;1970/01/01 00:00:00+00;40
41;2020/04/11 00:00:00+00;3842;286;327;3229;330;4;21;305;7.444.039.563;8.511.192.087;8.404.476.835;;19964;16122;;512;;;;;;;;;;;;;;;1970/01/01 00:00:00+00;41
42;2020/04/12 00:00:00+00;4241;359;373;3509;399;73;46;280;8.464.984.673;8.795.095.496;8.273.991.983;;27075;22834;;7111;;;;;;;;;;;;;;;1970/01/01 00:00:00+00;42
43;2020/04/13 00:00:00+00;4557;380;399;3778;316;21;26;269;8.338.819.399;8.755.760.369;8.290.542.023;;27953;23396;;878;;;;;;;;;;;;;;;1970/01/01 00:00:00+00;43
44;2020/04/14 00:00:00+00;4839;426;459;3954;282;46;60;176;8.803.471.792;9.485.430.874;8.171.109.733;;31628;26789;;3675;10482;139137;;;;;;;;;;;;;1970/01/01 00:00:00+00;44
45;2020/04/15 00:00:00+00;5136;446;469;4221;297;20;10;267;8.683.800.623;9.131.619.938;8.218.457.944;36431;33001;27865;;1373;11165;165549;;;;;;;;;;;;;1970/01/01 00:00:00+00;45
46;2020/04/16 00:00:00+00;5516;548;496;4472;380;102;27;251;9.934.735.315;8.992.023.205;8.107.324.148;39706;34975;29459;3275;1974;11873;169446;;;;;;;;;;;;;1970/01/01 00:00:00+00;46
47;2020/04/17 00:00:00+00;5923;607;520;4796;407;59;24;324;1.024.818.504;8.779.334.797;8.097.248.016;42108;37134;31211;2402;2159;12610;173732;;;;;;;;;;;;;1970/01/01 00:00:00+00;47
48;2020/04/18 00:00:00+00;6248;631;535;5082;325;24;15;286;1.009.923.175;8.562.740.077;8.133.802.817;45378;39422;33174;327;2288;12979;176344;;;;;;;;;;;;;1970/01/01 00:00:00+00;48
49;2020/04/19 00:00:00+00;6575;686;582;5307;327;55;47;225;1.043.346.008;8.851.711.027;807.148.289;47478;42219;35644;21;2797;15646;178883;;;;;;;;;;;;;1970/01/01 00:00:00+00;49
50;2020/04/20 00:00:00+00;6760;747;590;5423;185;61;8;116;1.105.029.586;8.727.810.651;8.022.189.349;49767;43749;36989;2289;153;16343;181770;;;;;;;;;;;;;1970/01/01 00:00:00+00;50
51;2020/04/21 00:00:00+00;7135;842;616;5677;375;95;26;254;1.180.098.108;8.633.496.847;7.956.552.207;50370;46173;39038;603;2424;16763;186330;;;;;;;;;;;;;1970/01/01 00:00:00+00;51
52;2020/04/22 00:00:00+00;7418;913;635;5870;283;71;19;193;123.078.997;856.025.883;7.913.184.147;55732;47361;39943;5362;1188;17754;193571;;;;;;;;;;;;;1970/01/01 00:00:00+00;52
53;2020/04/23 00:00:00+00;7775;960;647;6168;357;47;12;298;1.234.726.688;8.321.543.408;7.933.118.971;59935;48647;40872;4203;1286;18283;195948;;;;;;;;;;;;;1970/01/01 00:00:00+00;53
54;2020/04/24 00:00:00+00;8211;1002;689;6520;436;42;42;352;1.220.314.213;839.118.256;7.940.567.531;64054;50563;42352;4119;1916;18301;197951;;;;;;;;;;;;;1970/01/01 00:00:00+00;54
55;2020/04/25 00:00:00+00;8607;1042;720;6845;396;40;31;325;12.106.425;8.365.284.071;7.952.829.093;67828;52541;43934;3774;1978;19084;206911;;;;;;;;;;;;;1970/01/01 00:00:00+00;55
56;2020/04/26 00:00:00+00;8882;1107;743;7032;275;65;23;187;1.246.340.914;8.365.233.056;791.713.578;72099;56974;48092;4271;4433;19648;209040;;;;;;;;;;;;;1970/01/01 00:00:00+00;56
57;2020/04/27 00:00:00+00;9096;1151;765;7180;214;44;22;148;1.265.391.381;8.410.290.237;7.893.579.595;75157;59409;50313;3058;2435;19987;210199;;;;;;;;;;;;;1970/01/01 00:00:00+00;57
58;2020/04/28 00:00:00+00;9511;1254;773;7484;415;103;8;304;1.318.473.347;8.127.431.395;7.868.783.514;79618;62544;53033;4461;3135;20428;213644;;;;;;;;;;;;;1970/01/01 00:00:00+00;58
59;2020/04/29 00:00:00+00;9771;1391;784;7596;260;137;11;112;142.360.045;8.023.743.731;7.774.025.177;86985;67784;58013;7367;524;21653;221750;;;;;;;;;;;;;1970/01/01 00:00:00+00;59
60;2020/04/30 00:00:00+00;10118;1522;792;7804;347;131;8;208;1.504.249.852;782.763.392;7.712.986.756;94599;72531;60233;7614;4567;21827;230411;;;;;;;;;;;;;1970/01/01 00:00:00+00;60
61;2020/05/01 00:00:00+00;10551;1591;800;8160;433;69;8;356;1.507.913.942;7.582.219.695;7.733.864.089;102305;76538;65987;7706;4187;22123;233120;;;;;;;;;;;;;1970/01/01 00:00:00+00;61
62;2020/05/02 00:00:00+00;10843;1665;831;8347;292;74;31;187;1.535.552.891;7.663.930.647;7.698.054.044;107943;79868;69025;5638;333;22545;235035;;;;;;;;;;;;;1970/01/01 00:00:00+00;62
63;2020/05/03 00:00:00+00;11192;1876;845;8471;349;211;14;124;1.676.197.284;755.003.574;7.568.799.142;112965;83012;71820;5022;3144;23130;236369;;;;;;;;;;;;;1970/01/01 00:00:00+00;63
64;2020/05/04 00:00:00+00;11587;1954;864;8769;395;78;19;298;1.686.372.659;7.456.632.433;7.567.964.098;116861;86061;74474;3896;3049;24020;238178;;;;;;;;;;;;;1970/01/01 00:00:00+00;64
65;2020/05/05 00:00:00+00;12071;2197;872;9002;484;243;8;233;1.820.064.618;722.392.511;7.457.542.871;121547;88924;76853;4686;2863;26408;239226;;;;;;;;;;;;;1970/01/01 00:00:00+00;65
66;2020/05/06 00:00:00+00;12438;2317;895;9226;367;120;23;224;1.862.839.685;7.195.690.626;7.417.591.253;128383;92976;80538;6836;4052;26932;240726;;;;;;;;;;;;;1970/01/01 00:00:00+00;66
67;2020/05/07 00:00:00+00;12776;2381;930;9465;338;64;35;239;1.863.650.595;7.279.273.638;7.408.422.041;134151;96717;83941;5768;3741;28508;243455;;;;;;;;;;;;;1970/01/01 00:00:00+00;67
68;2020/05/08 00:00:00+00;13112;2494;943;9675;336;113;13;210;1.902.074.436;7.191.885.296;7.378.737.035;143781;103361;90249;9301;6644;29087;244480;;;;;;;;;;;;;1970/01/01 00:00:00+00;68
69;2020/05/09 00:00:00+00;13645;2607;959;10079;533;113;16;404;191.058.996;7.028.215.464;7.386.588.494;150887;108699;95054;7435;5338;29690;246847;;;;;;;;;;;;;1970/01/01 00:00:00+00;69
70;2020/05/10 00:00:00+00;14032;2698;973;10361;387;91;14;282;1.922.748.005;6.934.150.513;7.383.836.944;158273;113452;99420;7386;4753;30317;248690;;;;;;;;;;;;;1970/01/01 00:00:00+00;70
71;2020/05/11 00:00:00+00;14265;2881;991;10393;233;183;18;32;2.019.628.461;6.947.073.256;7.285.664.213;161351;116358;102093;3078;2906;31994;249105;;;;;;;;;;;;;1970/01/01 00:00:00+00;71
72;2020/05/12 00:00:00+00;14749;3063;1007;10679;484;182;16;286;2.076.750.966;6.827.581.531;7.240.490.881;165128;119728;104979;3777;337;32147;251861;;;;;;;;;;;;;1970/01/01 00:00:00+00;72
73;2020/05/13 00:00:00+00;15438;3287;1028;11123;689;224;21;444;2.129.161.809;6.658.893.639;7.204.948.828;169195;123572;108134;4067;3844;33042;256299;;;;;;;;;;;;;1970/01/01 00:00:00+00;73
74;2020/05/14 00:00:00+00;16006;3518;1043;11445;568;231;15;322;2.197.925.778;6.516.306.385;7.150.443.584;173690;127813;111807;4495;4241;33672;258639;;;;;;;;;;;;;1970/01/01 00:00:00+00;74
75;2020/05/15 00:00:00+00;16496;3803;1076;11617;490;285;33;172;2.305.407.371;6.522.793.404;7.042.313.288;178602;132060;115564;4912;4247;34360;262919;;;;;;;;;;;;;1970/01/01 00:00:00+00;75
76;2020/05/16 00:00:00+00;17025;3911;1089;12025;529;108;13;408;2.297.209.985;6.396.475.771;7.063.142.438;182818;135726;118701;4216;3665;35069;269449;;;;;;;;;;;;;1970/01/01 00:00:00+00;76
77;2020/05/17 00:00:00+00;17514;4129;1148;12237;489;218;59;212;2.357.542.537;6.554.756.195;6.986.981.843;187965;140473;122959;5147;4748;35800;270876;;;;;;;;;;;;;1970/01/01 00:00:00+00;77
78;2020/05/18 00:00:00+00;18010;4324;1191;12495;496;195;43;258;2.400.888.395;6.612.992.782;6.937.812.326;190660;143035;125025;2695;2562;11422;45047;;;;;;;;;;;;;1970/01/01 00:00:00+00;78
79;2020/05/19 00:00:00+00;18496;4467;1221;12808;486;143;30;313;2.415.116.782;6.601.427.336;6.924.740.484;202936;147799;129303;12276;4764;11891;45300;;;;;;;;;;;;;1970/01/01 00:00:00+00;79
80;2020/05/20 00:00:00+00;19189;4575;1242;13372;693;108;21;564;2.384.178.436;6.472.458.179;6.968.575.747;211883;154139;134950;8947;634;11705;44703;;;;;;;;;;;;;1970/01/01 00:00:00+00;81
81;2020/05/21 00:00:00+00;20162;4838;1278;14046;973;263;36;674;2.399.563.535;6.338.656.879;6.966.570.777;219975;160374;140212;8092;6235;11066;50187;;;;;;;;;;;;;1970/01/01 00:00:00+00;82
82;2020/05/22 00:00:00+00;20796;5057;1326;14413;634;219;48;367;2.431.717.638;6.376.226.197;6.930.659.742;229334;21743;148173;9359;8595;11028;47150;;;;;;;;;;;;;1970/01/01 00:00:00+00;83
83;2020/05/23 00:00:00+00;21745;5249;1351;15145;949;192;25;732;241.388.825;6.212.922.511;6.964.819.499;239740;176035;154290;10406;7066;11495;49958;;;;;;;;;;;;;1970/01/01 00:00:00+00;84
84;2020/05/24 00:00:00+00;22271;5402;1372;15497;526;153;21;352;2.425.575.861;6.160.477.751;6.958.376.364;248555;179964;157593;8815;3829;11389;42551;;;;;;;;;;;;;1970/01/01 00:00:00+00;85
85;2020/05/25 00:00:00+00;22750;5642;1391;15717;479;240;19;220;24.08.00;6.114.285.714;6.908.571.429;256946;183192;160442;8391;3328;12342;49361;;;;;;;;;;;;;1970/01/01 00:00:00+00;86
86;2020/05/26 00:00:00+00;23165;5877;1418;15870;415;235;27;153;2.537.017.052;6.121.303.691;6.850.852.579;264098;188302;165137;7152;511;12022;65748;;;;;;;;;;;;;1970/01/01 00:00:00+00;87
87;2020/05/27 00:00:00+00;23851;6057;1473;16321;686;180;55;451;2.539.516.163;6.175.841.684;6.842.899.669;278411;195518;171667;14313;7216;12667;49942;;;;;;;;;;;;;1970/01/01 00:00:00+00;88
88;2020/05/28 00:00:00+00;24538;6240;1496;16802;687;183;23;481;2.542.994.539;6.096.666.395;6.847.338.821;289906;201311;176773;11495;5793;13250;48749;;;;;;;;;;;;;1970/01/01 00:00:00+00;89
89;2020/05/29 00:00:00+00;25216;6492;1520;17204;678;252;24;402;2.574.555.838;6.027.918.782;6.822.652.284;300545;205165;179949;10639;3854;12499;49212;;;;;;;;;;;;;1970/01/01 00:00:00+00;90
90;2020/05/30 00:00:00+00;25773;7015;1573;17185;557;523;53;19;2.721.840.686;6.103.286.385;6.667.830.676;311906;216769;190996;11361;11604;12832;47714;;;;;;;;;;;;;1970/01/01 00:00:00+00;91
91;2020/05/31 00:00:00+00;26473;7308;1613;17552;700;293;40;367;2.760.548.483;6.093.000.416;6.630.151.475;323376;223624;197151;1147;6855;12913;49936;;;;;;;;;;;;;1970/01/01 00:00:00+00;92
92;2020/06/01 00:00:00+00;26940;7637;1641;17662;467;329;28;110;2.834.818.114;6.091.314.031;6.556.050.483;333415;232113;205173;10039;8489;13120;48358;;;;;;;;;;;;;1970/01/01 00:00:00+00;93
93;2020/06/02 00:00:00+00;27549;7935;1663;17951;609;298;22;289;2.880.322.335;6.036.516.752;651.602.599;342464;237947;210398;9049;5834;13213;48023;;;;;;;;;;;;;1970/01/01 00:00:00+00;94
94;2020/06/03 00:00:00+00;28233;8406;1698;18129;684;471;35;178;2.977.366.911;6.014.238.657;6.421.209.223;354434;246433;218200;1197;8486;13285;48153;;;;;;;;;;;;;1970/01/01 00:00:00+00;95
95;2020/06/04 00:00:00+00;28818;8892;1721;18205;585;486;23;76;3.085.571.518;5.971.961.968;6.317.232.285;367640;251736;222918;13206;5303;13416;47373;;;;;;;;;;;;;1970/01/01 00:00:00+00;96
96;2020/06/05 00:00:00+00;29521;9443;1770;18308;703;551;49;103;319.873.988;5.995.731.852;6.201.686.935;380973;256810;227289;13333;5074;13592;49320;;;;;;;;;;;;;1970/01/01 00:00:00+00;97
97;2020/06/06 00:00:00+00;30514;9907;1801;18806;993;464;31;498;324.670.643;5.902.208.822;6.163.072.688;394068;264740;234226;13095;793;13347;46571;;;;;;;;;;;;;1970/01/01 00:00:00+00;98
98;2020/06/07 00:00:00+00;31186;10498;1851;18837;672;591;50;31;3.366.254.088;5.935.355.608;6.040.210.351;405992;269146;237960;11924;4406;14197;40370;;;;;;;;;;;;;1970/01/01 00:00:00+00;99
99;2020/06/08 00:00:00+00;32033;10904;1883;19246;847;406;32;409;3.403.989.636;587.831.299;6.008.179.065;412980;274430;242397;6988;5284;14010;38791;;;;;;;;;;;;;1970/01/01 00:00:00+00;100
100;2020/06/09 00:00:00+00;33076;11414;1923;19739;1043;510;40;493;3.450.840.489;5.813.883.178;5.967.771.194;429161;281653;248577;16181;7223;14108;38394;;;;;;;;;;;;;1970/01/01 00:00:00+00;101
101;2020/06/10 00:00:00+00;34316;12129;1959;20228;1240;715;36;489;3.534.502.856;5.708.707.309;5.894.626.413;446918;287478;253162;17757;5826;14242;43945;;;;;;;;;;;;;1970/01/01 00:00:00+00;102
102;2020/06/11 00:00:00+00;35295;12636;2000;20659;979;507;41;431;3.580.110.497;5.666.525.004;5.853.237.002;463620;294671;259376;16702;7193;14052;43414;;;;;;;;;;;;;1970/01/01 00:00:00+00;103
103;2020/06/12 00:00:00+00;36406;13213;2048;21145;1111;577;48;486;3.629.346.811;5.625.446.355;5.808.108.554;478953;302147;265741;15333;7476;13923;37538;;;;;;;;;;;;;1970/01/01 00:00:00+00;104
104;2020/06/13 00:00:00+00;37420;13776;2091;21553;1014;563;43;408;3.681.453.768;5.587.920.898;5.759.754.142;495527;313275;275855;16574;11128;13578;42450;;;;;;;;;;;;;1970/01/01 00:00:00+00;105
105;2020/06/14 00:00:00+00;38277;14531;2134;21612;857;755;43;59;3.796.274.525;5.575.149.568;5.646.210.518;514287;322933;284656;18760;9658;13574;41639;;;;;;;;;;;;;1970/01/01 00:00:00+00;106
106;2020/06/15 00:00:00+00;39294;15123;2198;21973;1017;592;64;361;3.848.679.188;5.593.729.323;559.194.788;523063;329190;289896;8776;6257;13649;36744;;;;;;;;;;;;;1970/01/01 00:00:00+00;107
107;2020/06/16 00:00:00+00;40400;15703;2231;22466;1106;580;33;493;3.886.881.188;5.522.277.228;5.560.891.089;540115;339309;298909;17052;10119;13510;29124;;;;;;;;;;;;;1970/01/01 00:00:00+00;314
108;2020/06/17 00:00:00+00;41431;16243;2276;22912;1031;540;45;446;3.920.494.316;5.493.471.072;5.530.158.577;559872;348278;306847;19757;8969;13279;42714;;;;;;;;;;;;;1970/01/01 00:00:00+00;315
109;2020/06/18 00:00:00+00;42762;16798;2339;23625;1331;555;63;713;3.928.254.057;5.469.809.644;5.524.764.978;580522;358659;315897;20650;10381;17923;36698;;;;;;;;;;;;;1970/01/01 00:00:00+00;316
110;2020/06/19 00:00:00+00;43803;17349;2373;24081;1041;551;34;456;3.960.687.624;5.417.437.162;549.756.866;601239;366581;322778;20717;7922;13211;36464;;;;;;;;;;;;;1970/01/01 00:00:00+00;317
111;2020/06/20 00:00:00+00;45029;17883;2429;24717;1226;534;56;636;3.971.440.627;539.430.145;5.489.129.228;621156;376518;331489;19917;7877;13150;37336;;;;;;;;;;;;;1970/01/01 00:00:00+00;318
112;2020/06/21 00:00:00+00;45891;18404;2465;25022;862;521;36;305;4.010.372.404;5.371.423.591;5.452.485.237;639385;383105;337214;18229;8647;13225;56436;;;;;;;;;;;;;1970/01/01 00:00:00+00;319
113;2020/06/22 00:00:00+00;46845;18735;2500;25610;954;331;35;588;399.935.959;5.336.748.853;5.466.965.525;650311;393117;346272;10926;10012;12999;43500;;;;;;;;;;;;;1970/01/01 00:00:00+00;320
114;2020/06/23 00:00:00+00;47896;19241;2535;26120;1051;506;35;510;4.017.245.699;5.292.717.555;5.453.482.546;668219;401681;353785;17908;8564;13348;35983;;;;;;;;;;;;;1970/01/01 00:00:00+00;321
115;2020/06/24 00:00:00+00;49009;19658;2573;26778;1113;417;38;658;4.011.100.002;5.250.056.112;5.463.894.387;689452;413919;364910;21233;12238;13069;36648;;;;;;;;;;;;;1970/01/01 00:00:00+00;322
116;2020/06/25 00:00:00+00;50187;20449;2620;27118;1178;791;47;340;4.074.561.141;5.220.475.422;5.403.391.316;708962;427158;376971;19510;13239;13323;37294;;;;;;;;;;;;;1970/01/01 00:00:00+00;323
117;2020/06/26 00:00:00+00;51427;21333;2683;27411;1240;884;63;293;4.148.210.084;5.217.103.856;533.007.953;731781;439907;388480;22819;12749;13506;38381;;;;;;;;;;;;;1970/01/01 00:00:00+00;324
118;2020/06/27 00:00:00+00;52812;21909;2720;28183;1385;576;37;772;414.848.898;5.150.344.619;5.336.476.558;753370;449569;396757;21589;9662;13522;40541;;;;;;;;;;;;;1970/01/01 00:00:00+00;325
119;2020/06/28 00:00:00+00;54010;22936;2754;28320;1198;1027;34;137;4.246.620.996;509.905.573;5.243.473.431;770600;456636;402626;17230;7067;14712;47658;;;;;;;;;;;;;1970/01/01 00:00:00+00;326
120;2020/06/29 00:00:00+00;55092;23800;2805;28487;1082;864;51;167;4.320.046.468;5.091.483.337;5.170.805.199;782383;465683;410591;11783;9047;13335;41605;;;;;;;;;;;;;1970/01/01 00:00:00+00;327
121;2020/06/30 00:00:00+00;56385;24806;2876;28703;1293;1006;71;216;4.399.397.003;5.100.647.335;5.090.538.264;803896;477318;420933;21515;11636;13182;43797;;;;;;;;;;;;;1970/01/01 00:00:00+00;328
122;2020/07/01 00:00:00+00;57770;25595;2934;29241;1385;789;58;538;443.050.026;5.078.760.602;506.162.368;825636;492318;434548;21738;15000;13296;45192;;;;;;;;;;;;;1970/01/01 00:00:00+00;329
123;2020/07/02 00:00:00+00;59394;26667;2987;29740;1624;1072;53;499;4.489.847.459;5.029.127.521;5.007.239.789;849155;503132;443738;23519;10814;13359;40778;;;;;;;;;;;;;1970/01/01 00:00:00+00;330
124;2020/07/03 00:00:00+00;60695;27568;3036;30091;1301;901;49;351;4.542.054.535;5.002.059.478;4.957.739.517;871436;519970;459275;22281;16838;13609;38767;;;;;;;;;;;;;1970/01/01 00:00:00+00;331
125;2020/07/04 00:00:00+00;62142;28219;3089;30834;1447;651;53;743;4.541.051.141;4.970.873.161;4.961.861.543;894428;529669;467257;22992;9699;14205;38890;;;;;;;;;;;;;1970/01/01 00:00:00+00;332
126;2020/07/05 00:00:00+00;63749;29105;3171;31473;1607;886;82;639;4.565.561.813;4.974.195.674;493.701.862;915482;540175;476426;21045;10506;13767;39928;;;;;;;;;;;;;1970/01/01 00:00:00+00;333
127;2020/07/06 00:00:00+00;64958;29919;3241;31798;1209;814;70;325;4.605.899.196;4.989.377.752;4.895.163.028;928238;552084;487126;12756;11909;13360;38748;;;;;;;;;;;;;1970/01/01 00:00:00+00;334
128;2020/07/07 00:00:00+00;66226;30785;3309;32132;1268;866;68;334;4.648.476.429;4.996.527.044;4.851.870.866;946054;562759;496533;17816;10675;13471;38702;;;;;;;;;;;;;1970/01/01 00:00:00+00;335
129;2020/07/08 00:00:00+00;68079;31585;3359;33135;1853;800;50;1003;4.639.462.977;4.933.973.766;4.867.139.647;968237;581594;507447;22183;12777;13636;38498;;;;;;;;;;;;;1970/01/01 00:00:00+00;336
130;2020/07/09 00:00:00+00;70736;32651;3417;34668;2657;1066;58;1533;4.615.895.725;4.830.637.865;4.901.040.489;992069;588080;517344;23832;12554;13732;38498;;;;;;;;;;;;;1970/01/01 00:00:00+00;337
131;2020/07/10 00:00:00+00;72347;33529;3469;35349;1611;878;52;681;4.634.469.985;4.794.946.577;4.886.035.357;1015678;597468;525121;23609;9388;13882;38705;;;;;;;;;;;;;1970/01/01 00:00:00+00;338
132;2020/07/11 00:00:00+00;74018;34719;3535;35764;1671;1190;66;415;4.690.615.796;477.586.533;4.831.797.671;1038988;610093;536075;23310;12625;13752;34887;;;;;;;;;;;;;1970/01/01 00:00:00+00;339
133;2020/07/12 00:00:00+00;75699;35638;3606;36455;1681;919;71;691;4.707.856.114;4.763.603.218;4.815.783.564;1061367;621087;545388;22379;10994;14515;34486;;;;;;;;;;;;;1970/01/01 00:00:00+00;340
134;2020/07/13 00:00:00+00;76981;36689;3656;36636;1282;1051;50;181;4.765.981.216;4.749.223.834;47.590.964;1074467;630149;553168;13100;9062;13439;33504;;;;;;;;;;;;;1970/01/01 00:00:00+00;341
135;2020/07/14 00:00:00+00;78572;37636;3710;37226;1591;947;54;590;4.790.001.527;4.721.783.842;4.737.820.089;1097468;642164;563592;23001;12015;;;;;;;;;;;;;;;1970/01/01 00:00:00+00;342
136;2020/07/15 00:00:00+00;80094;39050;3797;37247;1522;1414;87;21;4.875.521.263;4.740.679.701;4.650.410.767;1122339;657655;577561;24871;15491;;;;;;;;;;;;;;;1970/01/01 00:00:00+00;343
137;2020/07/16 00:00:00+00;81668;40345;3873;37450;1574;1295;76;203;4.940.123.427;4.742.371.553;4.585.639.418;1146794;669811;588143;23947;12156;;;;;;;;;;;;;;;1970/01/01 00:00:00+00;344
138;2020/07/17 00:00:00+00;83130;41834;3957;37339;1462;1489;84;111;5.032.358.956;4.760.014.435;4.491.639.601;1175462;683805;600675;29176;13994;;;;;;;;;;;;;;;1970/01/01 00:00:00+00;345
139;2020/07/18 00:00:00+00;84882;43268;4016;37598;1752;1434;59;259;5.097.429.373;4.731.274.004;4.429.443.227;1201014;697043;612161;25552;13238;;;;;;;;;;;;;;;1970/01/01 00:00:00+00;346
140;2020/07/19 00:00:00+00;86521;45401;4143;36977;1639;2133;127;621;5.247.396.586;4.788.432.866;4.273.760.128;1221518;707238;620717;20504;10195;;;;;;;;;;;;;;;1970/01/01 00:00:00+00;347
141;2020/07/20 00:00:00+00;88214;46977;4239;36998;1693;1576;96;21;5.325.345.183;4.805.359.693;4.194.118.847;1235545;720497;632283;14027;13259;;;;;;;;;;;;;;;1970/01/01 00:00:00+00;348
142;2020/07/21 00:00:00+00;89869;48466;4320;37083;1655;1489;81;85;5.392.960.865;4.806.996.851;412.633.945;1257807;737844;647975;22262;17347;;;;;;;;;;;;;;;1970/01/01 00:00:00+00;349
143;2020/07/22 00:00:00+00;91751;50255;4459;37037;1882;1789;139;46;5.477.324.498;4.859.892.535;4.036.686.249;1283109;749626;657875;25302;11782;;;;;;;;;;;;;;;1970/01/01 00:00:00+00;350
144;2020/07/23 00:00:00+00;93657;52164;4576;36917;1906;1909;117;120;5.569.685.128;4.885.913.493;3.941.723.523;1310924;762957;669300;27815;13331;;;;;;;;;;;;;;;1970/01/01 00:00:00+00;351
145;2020/07/24 00:00:00+00;95418;53945;4665;36808;1761;1781;89;109;5.653.545.453;4.889.014.651;3.857.553.082;1335889;777100;681682;24965;14143;;;;;;;;;;;;;;;1970/01/01 00:00:00+00;352
146;2020/07/25 00:00:00+00;97286;55354;4714;37218;1868;1409;49;410;5.689.821.763;4.845.507.062;3.825.627.531;1361207;789258;691972;25318;12158;;;;;;;;;;;;;;;1970/01/01 00:00:00+00;353
147;2020/07/26 00:00:00+00;98778;56655;4781;37342;1492;1301;67;124;5.735.588.896;4.840.146.591;3.780.396.445;1381699;796950;698172;20492;7692;;;;;;;;;;;;;;;1970/01/01 00:00:00+00;354
148;2020/07/27 00:00:00+00;100303;58173;4838;37292;1525;1518;57;50;5.799.726.828;4.823.385.143;3.717.934.658;1394759;807946;707643;13060;10996;;;;;;;;;;;;;;;1970/01/01 00:00:00+00;355
149;2020/07/28 00:00:00+00;102051;60539;4901;36611;1748;2366;63;681;5.932.229.963;480.250.071;3.587.519.966;1417322;823168;721117;22563;15222;;;;;;;;;;;;;;;1970/01/01 00:00:00+00;356
150;2020/07/29 00:00:00+00;104432;62138;4975;37319;2381;1599;74;708;5.950.091.926;4.763.865.482;3.573.521.526;1447583;841027;736595;30261;17859;;;;;;;;;;;;;;;1970/01/01 00:00:00+00;357
151;2020/07/30 00:00:00+00;106336;64292;5058;36986;1904;2154;83;333;6.046.117.966;4.756.620.524;3.478.219.982;1477629;856003;749667;30046;14976;;;;;;;;;;;;;;;1970/01/01 00:00:00+00;358
152;2020/07/31 00:00:00+00;108376;65907;5131;37338;2040;1615;73;352;6.081.327.969;473.444.305;3.445.227.726;1506191;866539;758163;28562;10536;;;;;;;;;;;;;;;1970/01/01 00:00:00+00;359
153;2020/08/01 00:00:00+00;109936;67919;5193;36824;1560;2012;62;514;6.178.049.047;4.723.657.401;3.349.585.213;1517381;875894;765958;11190;9355;;;;;;;;;;;;;;;1970/01/01 00:00:00+00;360
154;2020/08/02 00:00:00+00;111455;68975;5236;37244;1519;1056;43;420;6.188.596.294;4.697.860.123;3.341.617.693;1537413;882352;770897;20032;6458;;;;;;;;;;;;;;;1970/01/01 00:00:00+00;361
155;2020/08/03 00:00:00+00;113134;70237;5302;37595;1679;1262;66;351;620.830.166;4.686.477.982;3.323.050.542;1552141;894531;781395;14728;12179;;;;;;;;;;;;;;;1970/01/01 00:00:00+00;362
156;2020/08/04 00:00:00+00;115056;72050;5388;37618;1922;1813;86;23;6.262.167.988;4.682.937.005;3.269.538.312;1575043;907987;793110;22902;13456;;;;;;;;;;;;;;;1970/01/01 00:00:00+00;363
157;2020/08/05 00:00:00+00;116871;73889;5452;37530;1815;1839;64;88;6.322.269.853;4.664.972.491;3.211.232.898;1603781;922709;806017;28738;14722;;;;;;;;;;;;;;;1970/01/01 00:00:00+00;364
158;2020/08/06 00:00:00+00;118753;75645;5521;37587;1882;1756;69;57;6.369.944.338;4.649.145.706;3.165.141.091;1633156;936132;817558;29375;13423;;;;;;;;;;;;;;;1970/01/01 00:00:00+00;365
159;2020/08/07 00:00:00+00;121226;77557;5593;38076;2473;1912;72;489;6.397.719.961;4.613.696.732;3.140.910.366;1663315;951910;830684;30159;15599;;;;;;;;;;;;;;;1970/01/01 00:00:00+00;366
160;2020/08/08 00:00:00+00;123503;79306;5658;38539;2277;1749;65;463;6.421.382.477;4.581.265.232;3.120.491;1693880;963602;840099;30565;11692;;;;;;;;;;;;;;;1970/01/01 00:00:00+00;161
161;2020/08/09 00:00:00+00;125396;80952;5723;38721;1893;1646;65;182;6.455.708.316;4.563.941.434;3.087.897.541;1715798;972594;847198;21918;8992;;;;;;;;;;;;;;;1970/01/01 00:00:00+00;164
162;2020/08/10 00:00:00+00;127083;82236;5765;39082;1687;1284;42;361;6.471.046.481;4.536.405.341;3.075.312.984;1731634;984893;857810;15836;12299;;;;;;;;;;;;;;;1970/01/01 00:00:00+00;166
163;2020/08/11 00:00:00+00;128776;83710;5824;39242;1693;1474;59;160;6.500.434.864;4.522.581.848;3.047.306.952;1757425;998406;869630;25791;13513;;;;;;;;;;;;;;;1970/01/01 00:00:00+00;168
164;2020/08/12 00:00:00+00;130718;85798;5903;39017;1942;2088;79;225;6.563.594.914;4.515.827.966;2.984.822.289;1783673;1012104;881386;26248;13698;;;;;;;;;;;;;;;1970/01/01 00:00:00+00;170
165;2020/08/13 00:00:00+00;132816;87558;5968;39290;2098;1760;65;273;6.592.428.623;4.493.434.526;2.958.227.924;1809487;1026954;894138;25814;14850;;;;;;;;;;;;;;;1970/01/01 00:00:00+00;172
166;2020/08/14 00:00:00+00;135123;89618;6021;39484;2307;2060;53;194;6.632.327.583;4.455.940.143;2.922.078.403;1835505;1039682;904559;26018;12728;;;;;;;;;;;;;;;1970/01/01 00:00:00+00;174
167;2020/08/15 00:00:00+00;137468;91321;6071;40076;2345;1703;50;592;6.643.073.297;4.416.300.521;2.915.296.651;1862801;1052503;915035;27296;12821;;;;;;;;;;;;;;;1970/01/01 00:00:00+00;176
168;2020/08/16 00:00:00+00;139549;93103;6150;40296;2081;1782;79;220;6.671.706.712;4.407.054.153;2.887.587.872;1888215;1061721;922172;25414;9218;;;;;;;;;;;;;;;1970/01/01 00:00:00+00;178
169;2020/08/17 00:00:00+00;141370;94458;6207;40705;1821;1355;57;409;6.681.615.619;4.390.606.211;287.932.376;1900668;1068945;927575;12453;7224;;;;;;;;;;;;;;;1970/01/01 00:00:00+00;180
170;2020/08/18 00:00:00+00;143043;96306;6277;40460;1673;1848;70;245;6.732.660.808;4.388.190.964;2.828.520.095;1915039;1081354;938311;14371;12409;;;;;;;;;;;;;;;1970/01/01 00:00:00+00;182
171;2020/08/19 00:00:00+00;144945;98657;6346;39942;1902;2351;69;518;6.806.512.815;4.378.212.425;2.755.665.942;1941117;1096294;951349;26078;14940;;;;;;;;;;;;;;;1970/01/01 00:00:00+00;184
172;2020/08/20 00:00:00+00;147211;100674;6418;40119;2266;2017;72;177;6.838.755.256;4.359.728.553;2.725.271.889;1969941;1108068;960857;28824;11774;;;;;;;;;;;;;;;1970/01/01 00:00:00+00;186
173;2020/08/21 00:00:00+00;149408;102991;6500;39917;2197;2317;82;202;6.893.272.114;435.050.332;2.671.677.554;1989870;1121602;972194;19929;13534;;;;;;;;;;;;;;;1970/01/01 00:00:00+00;188
174;2020/08/22 00:00:00+00;151498;105198;6594;39706;2090;2207;94;211;6.943.854.044;4.352.532.707;2.620.892.685;2014619;1139768;988270;24749;18166;;;;;;;;;;;;;;;1970/01/01 00:00:00+00;190
175;2020/08/23 00:00:00+00;153535;107500;6680;39355;2037;2302;86;351;7.001.660.859;4.350.799.492;2.563.259.192;2036771;1157184;1003649;22152;17416;;;;;;;;;;;;;;;1970/01/01 00:00:00+00;192
176;2020/08/24 00:00:00+00;155412;111060;6759;37593;1877;3560;79;1762;7.146.166.319;4.349.085.013;241.892.518;2056166;1173369;1017957;19395;16185;;;;;;;;;;;;;;;1970/01/01 00:00:00+00;194
177;2020/08/25 00:00:00+00;157859;112867;6858;38134;2447;1807;99;541;7.149.861.585;4.344.383.279;2.415.700.087;2077441;1191948;1034089;21275;18579;;;;;;;;;;;;;;;1970/01/01 00:00:00+00;196
178;2020/08/26 00:00:00+00;160165;115409;6944;37812;2306;2542;86;322;7.205.631.692;4.335.528.986;2.360.815.409;2106753;1212468;1052303;29312;20520;;;;;;;;;;;;;;;1970/01/01 00:00:00+00;198
179;2020/08/27 00:00:00+00;162884;118575;7064;37245;2719;3166;120;567;7.279.720.537;4.336.828.663;2.286.596.596;2136416;1233486;1070602;29663;21018;;;;;;;;;;;;;;;1970/01/01 00:00:00+00;199
180;2020/08/28 00:00:00+00;165887;120900;7169;37818;3003;2325;105;573;7.288.093.702;4.321.616.522;2.279.744.645;2169498;1250135;1084248;33082;16649;;;;;;;;;;;;;;;1970/01/01 00:00:00+00;200
181;2020/08/29 00:00:00+00;169195;122802;7261;39132;3308;1902;92;1314;7.258.015.899;4.291.497.976;2.312.834.304;2198403;1271301;1102106;28905;21166;;;;;;;;;;;;;;;1970/01/01 00:00:00+00;201
182;2020/08/30 00:00:00+00;172053;124185;7343;40525;2858;1383;82;1393;721.783.404;4.267.870.947;2.355.378.866;2224337;1282618;1110565;25934;11317;;;;;;;;;;;;;;;1970/01/01 00:00:00+00;202
183;2020/08/31 00:00:00+00;174796;125959;7417;41420;2743;1774;74;895;7.206.057.347;4.243.232.111;2.369.619.442;2239642;1297184;1122388;15305;14566;;;;;;;;;;;;;;;1970/01/01 00:00:00+00;203
184;2020/09/01 00:00:00+00;177571;128057;7505;42009;2775;2098;88;589;7.211.594.236;4.226.478.423;2.365.757.922;2270267;1312477;1134906;30625;15293;;;;;;;;;;;;;;;1970/01/01 00:00:00+00;204
185;2020/09/02 00:00:00+00;180646;129971;7616;43059;3075;1914;111;1050;719.478.981;4.215.980.426;2.383.612.148;2301268;1333985;1153339;31001;21508;;;;;;;;;;;;;;;1970/01/01 00:00:00+00;205
186;2020/09/03 00:00:00+00;184268;132055;7750;44463;3622;2084;134;1404;7.166.464.063;4.205.830.638;2.412.952.873;2338865;1353291;1169023;37597;19306;;;;;;;;;;;;;;;1970/01/01 00:00:00+00;206
187;2020/09/04 00:00:00+00;187537;134181;7832;45524;3269;2126;82;1061;7.154.908.098;4.176.242.555;2.427.467.646;2375133;1371391;1183854;36268;18100;;;;;;;;;;;;;;;1970/01/01 00:00:00+00;207
188;2020/09/05 00:00:00+00;190665;136401;7940;46324;3128;2220;108;800;7.153.961.136;4.164.372.066;2.429.601.657;2405773;1388288;1197623;30640;16897;;;;;;;;;;;;;;;1970/01/01 00:00:00+00;208
189;2020/09/06 00:00:00+00;194109;138575;8025;47509;3444;2174;85;1185;7.139.030.133;4.134.275.072;244.754.236;2433752;1401513;1207404;27979;13225;;;;;;;;;;;;;;;1970/01/01 00:00:00+00;209
190;2020/09/07 00:00:00+00;196989;140652;8130;48207;2880;2077;105;698;7.140.094.117;4.127.134.002;2.447.192.483;2452164;1417694;1220705;18412;16181;;;;;;;;;;;;;;;1970/01/01 00:00:00+00;210
191;2020/09/08 00:00:00+00;200035;142958;8230;48847;3046;2306;100;640;7.146.649.336;4.114.280.001;2.441.922.664;2484807;1434294;1234259;32643;16600;;;;;;;;;;;;;;;1970/01/01 00:00:00+00;211
192;2020/09/09 00:00:00+00;203342;145200;8336;49806;3307;2242;106;959;714.067.925;4.099.497.398;244.937.101;2514670;1449629;1246287;29863;15335;;;;;;;;;;;;;;;1970/01/01 00:00:00+00;212
193;2020/09/10 00:00:00+00;207203;147510;8456;51237;3861;2310;120;1431;7.119.105.418;4.081.021.993;2.472.792.382;2549579;1469943;1262740;34909;20314;;;;;;;;;;;;;;;1970/01/01 00:00:00+00;213
194;2020/09/11 00:00:00+00;210940;150217;8544;52179;3737;2707;88;942;7.121.314.118;4.050.440.884;2.473.641.794;2581433;1498292;1287352;31813;28349;;;;;;;;;;;;;;;1970/01/01 00:00:00+00;214
195;2020/09/12 00:00:00+00;214746;152458;8650;53638;3806;2241;106;1459;7.099.457.033;4.028.014.492;2.497.741.518;2620004;1523214;1308468;38571;24922;;;;;;;;;;;;;;;1970/01/01 00:00:00+00;215
196;2020/09/13 00:00:00+00;218382;155010;8723;54649;3636;2552;73;1011;7.098.112.482;3.994.376.826;2.502.449.836;2650104;1549352;1330970;30100;26138;;;;;;;;;;;;;;;1970/01/01 00:00:00+00;216
197;2020/09/14 00:00:00+00;221523;158405;8841;54277;3141;3395;118;372;7.150.724.755;3.991.007.706;2.450.174.474;2672710;1569545;1348022;22606;20193;;;;;;;;;;;;;;;1970/01/01 00:00:00+00;217
198;2020/09/15 00:00:00+00;225030;161065;8965;55000;3507;2660;124;723;7.157.490.112;3.983.913.256;2.444.118.562;2715346;1592056;1367026;42636;22511;;;;;;;;;;;;;;;1970/01/01 00:00:00+00;218
199;2020/09/16 00:00:00+00;228993;164101;9100;55792;3963;3036;135;792;7.166.201.587;39.739.206;2.436.406.353;2755120;1622769;1393776;39774;30713;;;;;;;;;;;;;;;1970/01/01 00:00:00+00;219
200;2020/09/17 00:00:00+00;232628;166686;9222;56720;3635;2585;122;928;716.534.553;3.964.269.134;2.438.227.556;2796924;1652324;1419696;41804;29555;;;;;;;;;;;;;;;1970/01/01 00:00:00+00;220
201;2020/09/18 00:00:00+00;236519;170774;9336;56409;3891;4088;114;311;7.220.307.882;3.947.251.595;2.384.966.958;2841352;1676648;1440129;44428;24324;;;;;;;;;;;;;;;1970/01/01 00:00:00+00;221
202;2020/09/19 00:00:00+00;240687;174350;9448;56889;4168;3576;112;480;7.243.847.819;3.925.430.123;2.363.609.169;2885508;1698202;1457515;44156;21554;;;;;;;;;;;;;;;1970/01/01 00:00:00+00;222
203;2020/09/20 00:00:00+00;244676;177327;9553;57796;3989;2977;105;907;7.247.421.079;3.904.346.973;2.362.144.223;2922648;1718175;1473499;36753;19973;;;;;;;;;;;;;;;1970/01/01 00:00:00+00;223
204;2020/09/21 00:00:00+00;248852;180797;9677;58378;4176;3470;124;582;7.265.241.991;3.888.656.712;2.345.892.338;2950173;1743000;1494148;27525;24825;;;;;;;;;;;;;;;1970/01/01 00:00:00+00;224
205;2020/09/22 00:00:00+00;252923;184298;9837;58788;4071;3501;160;410;7.286.723.627;3.889.326;2.324.343.773;2994069;1774065;1521142;43896;31065;;;;;;;;;;;;;;;1970/01/01 00:00:00+00;225
206;2020/09/23 00:00:00+00;257388;187958;9977;59453;4465;3660;140;665;7.302.516.046;3.876.249.087;2.309.859.045;3032250;1799563;1542175;38181;25498;;;;;;;;;;;;;;;1970/01/01 00:00:00+00;226
207;2020/09/24 00:00:00+00;262022;191853;10105;60064;4634;3895;128;611;7.322.018.762;3.856.546.397;2.292.326.599;3074814;1834349;1572327;42564;34786;;;;;;;;;;;;;;;1970/01/01 00:00:00+00;227
208;2020/09/25 00:00:00+00;266845;196196;10218;60431;4823;4343;113;367;735.243.306;382.918.923;2.264.648.017;3120947;1860768;1593923;46133;26419;;;;;;;;;;;;;;;1970/01/01 00:00:00+00;228
209;2020/09/26 00:00:00+00;271339;199403;10308;61628;4494;3207;90;1197;7.348.851.437;379.893.786;2.271.254.777;3169783;1886426;1615087;48836;25658;;;;;;;;;;;;;;;1970/01/01 00:00:00+00;229
210;2020/09/27 00:00:00+00;275213;203014;10386;61813;3874;3611;78;185;737.661.375;377.380.429;2.246.005.821;3207055;1907226;1632013;37272;20800;;;;;;;;;;;;;;;1970/01/01 00:00:00+00;230
211;2020/09/28 00:00:00+00;278722;206870;10473;61379;3509;3856;87;434;7.422.090.829;3.757.507.481;2.202.158.423;3239244;1934863;1656141;32189;27637;;;;;;;;;;;;;;;1970/01/01 00:00:00+00;231
212;2020/09/29 00:00:00+00;282724;210437;10601;61686;4002;3567;128;307;7.443.195.484;3.749.593.243;2.181.845.192;3276402;1962754;1680030;37158;27891;;;;;;;;;;;;;;;1970/01/01 00:00:00+00;232
213;2020/09/30 00:00:00+00;287008;214947;10740;61321;4284;4510;139;365;748.923.375;3.742.055.971;2.136.560.653;3321898;1993694;1706686;45496;30940;;;;;;;;;;;;;;;1970/01/01 00:00:00+00;160
214;2020/10/01 00:00:00+00;291182;218487;10856;61839;4174;3540;116;518;750.345.145;3.728.252.433;2.123.723.307;3365490;2023990;1732808;43592;30296;;;;;;;;;;;;;;;1970/01/01 00:00:00+00;162
215;2020/10/02 00:00:00+00;295499;221340;10972;63187;4317;2853;116;1348;7.490.380.678;371.304.133;2.138.315.189;3407911;2050821;1755322;42421;26831;;;;;;;;;;;;;;;1970/01/01 00:00:00+00;163
216;2020/10/03 00:00:00+00;299506;225052;11055;63399;4007;3712;83;212;7.514.106.562;3.691.077.975;211.678.564;3451398;2074943;1775437;43487;24122;;;;;;;;;;;;;;;1970/01/01 00:00:00+00;165
217;2020/10/04 00:00:00+00;303498;228453;11151;63894;3992;3401;96;495;7.527.331.317;3.674.159.303;2.105.252.753;3488141;2096584;1793086;36743;21641;;;;;;;;;;;;;;;1970/01/01 00:00:00+00;167
218;2020/10/05 00:00:00+00;307120;232593;11253;63274;3622;4140;102;620;7.573.358.948;3.664.040.115;2.060.237.041;3515165;2119355;1812235;27024;22771;;;;;;;;;;;;;;;1970/01/01 00:00:00+00;169
219;2020/10/06 00:00:00+00;311176;236437;11374;63365;4056;3844;121;91;7.598.175.952;3.655.166.208;2.036.307.427;3551507;2145508;1834332;36342;26153;;;;;;;;;;;;;;;1970/01/01 00:00:00+00;171
220;2020/10/07 00:00:00+00;315714;240291;11472;63951;4538;3854;98;586;7.611.034.037;3.633.668.447;2.025.599.118;3595719;2177675;1861961;44212;32167;;;;;;;;;;;;;;;1970/01/01 00:00:00+00;173
221;2020/10/08 00:00:00+00;320564;244060;11580;64924;4850;3769;108;973;7.613.456.283;3.612.383.175;2.025.305.399;3639108;2210576;1890012;43389;32901;;;;;;;;;;;;;;;1970/01/01 00:00:00+00;175
222;2020/10/09 00:00:00+00;324658;247667;11677;65314;4094;3607;97;390;7.628.550.659;359.670.792;2.011.778.549;3683808;2249694;1925036;44700;39118;;;;;;;;;;;;;;;1970/01/01 00:00:00+00;177
223;2020/10/10 00:00:00+00;328952;251481;11765;65706;4294;3814;88;392;764.491.476;3.576.509.643;1.997.434.276;3726476;2283369;1954417;42668;33675;;;;;;;;;;;;;;;1970/01/01 00:00:00+00;179
224;2020/10/11 00:00:00+00;333449;255027;11844;66578;4497;3546;79;872;764.815.609;3.551.967.467;1.996.647.163;3762808;2305532;1972083;36332;22163;;;;;;;;;;;;;;;1970/01/01 00:00:00+00;181
225;2020/10/12 00:00:00+00;336716;258519;11935;66262;3267;3492;91;316;7.677.657.135;3.544.530.108;1.967.889.854;3802093;2338550;2001834;39285;33018;;;;;;;;;;;;;;;1970/01/01 00:00:00+00;183
226;2020/10/13 00:00:00+00;340622;263296;12027;65299;3906;4777;92;963;7.729.858.905;3.530.893.483;1.917.051.747;3852511;2378562;2037940;50418;40012;;;;;;;;;;;;;;;1970/01/01 00:00:00+00;185
227;2020/10/14 00:00:00+00;344749;267851;12156;64742;4127;4555;129;557;7.769.449.658;3.526.043.585;1.877.945.984;3892904;2415606;2070857;40393;37044;;;;;;;;;;;;;;;1970/01/01 00:00:00+00;187
228;2020/10/15 00:00:00+00;349160;273661;12268;63231;4411;5810;112;1511;7.837.696.185;3.513.575.438;1.810.946.271;3935112;2449725;2100565;42208;34119;;;;;;;;;;;;;;;1970/01/01 00:00:00+00;189
229;2020/10/16 00:00:00+00;353461;277544;12347;63570;4301;3883;79;339;7.852.181.712;3.493.171.807;1.798.501.108;3976653;2479922;2126461;41541;30197;;;;;;;;;;;;;;;1970/01/01 00:00:00+00;191
230;2020/10/17 00:00:00+00;357762;281592;12431;63739;4301;4048;84;169;7.870.930.954;3.474.656.336;1.781.603.412;4019958;2505898;2148136;43305;25976;;;;;;;;;;;;;;;1970/01/01 00:00:00+00;193
231;2020/10/18 00:00:00+00;361867;285324;12511;64032;4105;3732;80;293;7.884.775.346;3.457.347.589;1.769.489.895;4056336;2528319;2166452;36378;22421;;;;;;;;;;;;;;;1970/01/01 00:00:00+00;195
232;2020/10/19 00:00:00+00;365240;289243;12617;63380;3373;3919;106;652;791.925.857;3.454.440.916;1.735.297.339;4092595;2553521;2188281;36259;25202;;;;;;;;;;;;;;;1970/01/01 00:00:00+00;197
233;2020/10/20 00:00:00+00;368842;293653;12734;62455;3602;4410;117;925;7.961.484.863;3.452.426.784;1.693.272.458;4123624;2583085;2214243;31029;29564;;;;;;;;;;;;;;;1970/01/01 00:00:00+00;233
234;2020/10/21 00:00:00+00;373109;297509;12857;62743;4267;3856;123;288;797.378.246;3.445.909.908;1.681.626.549;4167210;2613682;2240573;43586;30597;;;;;;;;;;;;;;;1970/01/01 00:00:00+00;234
235;2020/10/22 00:00:00+00;377541;301006;12959;63576;4432;3497;102;833;7.972.802.954;3.432.474.884;1.683.949.558;4211138;2647094;2269553;43928;33412;;;;;;;;;;;;;;;1970/01/01 00:00:00+00;235
236;2020/10/23 00:00:00+00;381910;305100;13077;63733;4369;4094;118;157;7.988.793.171;3.424.105.156;1.668.796.313;4253425;2679774;2297864;42287;32680;;;;;;;;;;;;;;;1970/01/01 00:00:00+00;236
237;2020/10/24 00:00:00+00;385980;309219;13205;63556;4070;4119;128;177;8.011.270.014;3.421.161.718;1.646.613.814;4293347;2711239;2325259;39922;31465;;;;;;;;;;;;;;;1970/01/01 00:00:00+00;237
238;2020/10/25 00:00:00+00;389712;313764;13299;62649;3732;4545;94;907;8.051.176.253;3.412.520.015;1.607.571.745;4327144;2730231;2340519;33797;18992;;;;;;;;;;;;;;;1970/01/01 00:00:00+00;238
239;2020/10/26 00:00:00+00;392934;317672;13411;61851;3222;3908;112;798;8.084.614.719;3.413.041.376;1.574.081.143;4351557;2749269;2356335;24413;19.038;;;;;;;;;;;;;;;1970/01/01 00:00:00+00;239
240;2020/10/27 00:00:00+00;396454;322248;13512;60694;3520;4576;101;1157;8.128.256.998;3.408.213.815;153.092.162;4388995;2777969;2381515;37438;28700;;;;;;;;;;;;;;;1970/01/01 00:00:00+00;240
241;2020/10/28 00:00:00+00;400483;325793;13612;61078;4029;3545;100;384;8.135.001.985;3.398.895.833;1.525.108.432;4429567;2805313;2404830;40572;27344;;;;;;;;;;;;;;;1970/01/01 00:00:00+00;241
242;2020/10/29 00:00:00+00;404048;329778;13701;60569;3565;3985;89;509;8.161.852.057;339.093.375;1.499.054.568;4463884;2830706;2426658;34317;25393;;;;;;;;;;;;;;;1970/01/01 00:00:00+00;242
243;2020/10/30 00:00:00+00;406945;334295;13782;58868;2897;4517;81;1701;8.214.746.465;3.386.698.448;1.446.583.691;4488738;2853984;2447039;24854;23278;;;;;;;;;;;;;;;1970/01/01 00:00:00+00;243
244;2020/10/31 00:00:00+00;410088;337801;13869;58418;3143;3506;87;450;8.237.280.779;3.381.957.043;1.424.523.517;4517739;2881443;2471355;29001;27459;;;;;;;;;;;;;;;1970/01/01 00:00:00+00;244
245;2020/11/01 00:00:00+00;412784;341942;13943;56899;2696;4141;74;1519;828.379.976;3.377.795.651;1.378.420.675;4540947;2899414;2486630;23208;17971;;;;;;;;;;;;;;;1970/01/01 00:00:00+00;245
246;2020/11/02 00:00:00+00;415402;345566;14044;55792;2618;3624;101;1107;8.318.833.323;3.380.821.469;134.308.453;4567608;2919560;2504158;26661;20146;;;;;;;;;;;;;;;1970/01/01 00:00:00+00;246
247;2020/11/03 00:00:00+00;418375;349497;14146;54732;2973;3931;102;1060;8.353.677.921;3.381.177.174;1.308.204.362;4597536;2941778;2523403;29928;22218;;;;;;;;;;;;;;;1970/01/01 00:00:00+00;247
248;2020/11/04 00:00:00+00;421731;353282;14259;54190;3356;3785;113;542;8.376.951.185;3.381.065.181;1.284.942.297;4638515;2969883;2548152;40979;28100;;;;;;;;;;;;;;;1970/01/01 00:00:00+00;248
249;2020/11/05 00:00:00+00;425796;357142;14348;54306;4065;3860;89;116;8.387.631.636;3.369.688.771;1.275.399.487;4678096;3001189;2575393;39581;31306;;;;;;;;;;;;;;;1970/01/01 00:00:00+00;249
250;2020/11/06 00:00:00+00;429574;360705;14442;54427;3778;3563;94;121;8.396.807.069;3.361.935.313;1.266.999.399;4716187;3030661;2601087;38091;29472;;;;;;;;;;;;;;;1970/01/01 00:00:00+00;250
251;2020/11/07 00:00:00+00;433836;364417;14540;54879;4262;3712;98;452;8.399.879.217;3.351.496.879;1.264.971.095;4754436;3059777;2625941;38249;29116;;;;;;;;;;;;;;;1970/01/01 00:00:00+00;251
252;2020/11/08 00:00:00+00;437716;368298;14614;54804;3880;3881;74;75;8.414.085.846;3.338.694.496;1.252.044.705;4790024;3080718;2643002;35588;20941;;;;;;;;;;;;;;;1970/01/01 00:00:00+00;252
253;2020/11/09 00:00:00+00;440569;372266;14689;53614;2853;3968;75;1190;8.449.663.957;3.334.097.497;1.216.926.293;4824389;3105465;2664896;34365;24747;;;;;;;;;;;;;;;1970/01/01 00:00:00+00;253
254;2020/11/10 00:00:00+00;444348;375741;14761;53846;3779;3475;72;232;8.456.007.454;3.321.945.862;121.179.796;4857452;3137485;2693137;33063;32020;;;;;;;;;;;;;;;1970/01/01 00:00:00+00;254
255;2020/11/11 00:00:00+00;448118;378982;14836;54300;3770;3241;75;454;8.457.192.079;3.310.735.119;1.211.734.409;4896793;3175096;2726978;39341;37611;;;;;;;;;;;;;;;1970/01/01 00:00:00+00;255
256;2020/11/12 00:00:00+00;452291;382084;14933;55274;4173;3102;97;974;8.447.747.136;3.301.635.452;1.222.089.319;4938958;3211592;2759301;42165;36496;;;;;;;;;;;;;;;1970/01/01 00:00:00+00;256
257;2020/11/13 00:00:00+00;457735;385094;15037;57604;5444;3010;104;2330;8.413.033.742;3.285.088.534;1.258.457.404;4981291;3249484;2791749;42333;37892;;;;;;;;;;;;;;;1970/01/01 00:00:00+00;257
258;2020/11/14 00:00:00+00;463007;388094;15148;59765;5272;3000;111;2161;8.382.033.101;32.716.568;1.290.801.219;5022627;3288194;2825187;41336;38710;;;;;;;;;;;;;;;1970/01/01 00:00:00+00;258
259;2020/11/15 00:00:00+00;466930;391829;15201;59900;3923;3735;53;135;8.391.600.454;3.255.520.099;1.282.847.536;5055480;3313590;2846477;32861;25396;;;;;;;;;;;;;;;1970/01/01 00:00:00+00;259
260;2020/11/16 00:00:00+00;470648;395443;15296;59909;3718;3614;95;9;8.402.096.684;3.249.987.252;1.272.904.591;5090127;3341160;2870512;34639;27570;;;;;;;;;;;;;;;1970/01/01 00:00:00+00;260
261;2020/11/17 00:00:00+00;474455;398636;15393;60426;3807;3193;97;517;8.401.977.005;3.244.354.048;127.358.759;5129899;3377716;2903261;39772;36556;;;;;;;;;;;;;;;1970/01/01 00:00:00+00;261
263;2020/11/19 00:00:00+00;483518;406612;15600;61306;9063;7976;207;880;8.409.449.079;3.226.353.517;1.267.915.569;5219471;3456835;2973317;47630;41222;;;;;;;;;;;;;;;1970/01/01 00:00:00+00;263
264;2020/11/20 00:00:00+00;488310;410552;15678;62080;4792;3940;78;774;840.760.992;3.210.665.356;1.271.323.544;5261426;3496039;3007729;41955;39204;;;;;;;;;;;;;;;1970/01/01 00:00:00+00;264
265;2020/11/21 00:00:00+00;493308;413955;15774;63579;4998;3403;96;1499;839.141.064;3.197.596.633;1.288.829.697;5304548;3526607;3033299;43122;30568;;;;;;;;;;;;;;;1970/01/01 00:00:00+00;265
